epoch,time,train/box_loss,train/cls_loss,train/dfl_loss,metrics/precision(B),metrics/recall(B),metrics/mAP50(B),metrics/mAP50-95(B),val/box_loss,val/cls_loss,val/dfl_loss,lr/pg0,lr/pg1,lr/pg2
1,277.126,4.15334,7.77457,4.35248,0,0,0,0,5.46643,5.02237,4.18163,0.00328767,0.00328767,0.00328767
2,555.671,3.79491,6.95408,4.00097,0.18061,0.11067,0.00622,0.00194,3.72416,4.36877,3.24052,0.00662094,0.00662094,0.00662094
3,832.22,2.61381,4.51945,2.5705,0.41333,0.10524,0.06289,0.0134,3.64759,4.04196,2.97864,0.00995414,0.00995414,0.00995414
4,1108.1,2.2047,3.18015,1.93102,0.36696,0.33777,0.28795,0.11475,2.09257,6.02172,1.83856,0.0099997,0.0099997,0.0099997
5,1384.55,1.98553,2.57316,1.7274,0.64461,0.34724,0.39618,0.16391,2.1856,2.33603,1.69263,0.0099996,0.0099996,0.0099996
6,1660.31,1.87544,2.29512,1.63432,0.67635,0.32564,0.42627,0.19493,2.19802,2.74776,1.70701,0.00999951,0.00999951,0.00999951
7,1936.86,1.80645,2.10683,1.57829,0.70184,0.30858,0.43263,0.17871,2.17516,2.24001,1.67729,0.00999941,0.00999941,0.00999941
8,2212.66,1.74479,1.95069,1.52703,0.72622,0.45439,0.56017,0.26948,1.87698,1.76382,1.48172,0.00999931,0.00999931,0.00999931
9,2489.3,1.70979,1.83201,1.47665,0.65108,0.48405,0.50608,0.1843,2.36044,1.7598,1.78472,0.00999921,0.00999921,0.00999921
10,2765.07,1.64211,1.78354,1.43848,0.79426,0.40627,0.55544,0.24333,2.11345,2.44042,1.63393,0.00999911,0.00999911,0.00999911
11,3041.5,1.51282,1.75307,1.37785,0.67611,0.56365,0.65903,0.36786,1.67227,1.86865,1.39418,0.00999901,0.00999901,0.00999901
12,3317.22,1.47328,1.70137,1.3546,0.69039,0.56739,0.68755,0.34571,1.76241,1.46039,1.38866,0.00999891,0.00999891,0.00999891
13,3593.59,1.4467,1.62519,1.32547,0.70518,0.65326,0.7109,0.31506,2.00135,1.47996,1.56815,0.00999881,0.00999881,0.00999881
14,3869.27,1.42846,1.61003,1.3159,0.63198,0.7944,0.7516,0.28578,2.19107,1.58659,1.5738,0.00999871,0.00999871,0.00999871
15,4145.89,1.38789,1.56046,1.2984,0.81435,0.66577,0.77306,0.37966,1.97561,1.24567,1.50977,0.00999861,0.00999861,0.00999861
16,4421.65,1.41143,1.53419,1.31026,0.76486,0.74204,0.78319,0.3596,2.00653,1.26475,1.51586,0.00999851,0.00999851,0.00999851
17,4698.01,1.37529,1.51093,1.27792,0.64079,0.81274,0.79715,0.39824,1.63701,1.27016,1.34639,0.00999842,0.00999842,0.00999842
18,4973.79,1.37793,1.48888,1.29248,0.69942,0.78514,0.8156,0.42194,1.77109,1.01906,1.36211,0.00999832,0.00999832,0.00999832
19,5250.29,1.3436,1.46667,1.26323,0.66425,0.7349,0.73387,0.37922,1.68514,1.29837,1.32191,0.00999822,0.00999822,0.00999822
20,5525.95,1.35012,1.43649,1.27386,0.79748,0.79484,0.81224,0.46323,1.64579,1.07181,1.30751,0.00999812,0.00999812,0.00999812
21,5802.49,1.32983,1.42431,1.2566,0.71825,0.79111,0.82816,0.47211,1.62161,1.0875,1.28381,0.00999802,0.00999802,0.00999802
22,6078.21,1.31546,1.38917,1.25557,0.82989,0.66647,0.80504,0.40256,1.81837,1.12014,1.41198,0.00999792,0.00999792,0.00999792
23,6354.67,1.28602,1.38749,1.23754,0.7918,0.78711,0.83633,0.49353,1.32296,0.89647,1.17377,0.00999782,0.00999782,0.00999782
24,6630.47,1.29416,1.35444,1.23848,0.72262,0.82248,0.83509,0.46681,1.56765,0.97281,1.26889,0.00999772,0.00999772,0.00999772
25,6906.88,1.26413,1.31762,1.22317,0.84256,0.75917,0.8496,0.46628,1.65786,0.92898,1.34741,0.00999762,0.00999762,0.00999762
26,7182.57,1.25979,1.31332,1.21921,0.85463,0.74567,0.83073,0.45311,1.61727,0.97109,1.3396,0.00999753,0.00999753,0.00999753
27,7459,1.25466,1.31356,1.21381,0.83499,0.72525,0.82921,0.50691,1.45973,0.92376,1.23407,0.00999743,0.00999743,0.00999743
28,7734.94,1.24105,1.28125,1.21689,0.87607,0.77102,0.85703,0.51103,1.35639,0.9493,1.20362,0.00999733,0.00999733,0.00999733
29,8011.46,1.2363,1.27936,1.20521,0.87522,0.76742,0.84562,0.53302,1.28882,0.85083,1.15449,0.00999723,0.00999723,0.00999723
30,8287.17,1.23624,1.25302,1.1915,0.83849,0.84774,0.87914,0.52967,1.46243,0.82089,1.22572,0.00999713,0.00999713,0.00999713
31,8563.73,1.21414,1.21984,1.18872,0.90793,0.71212,0.87245,0.57247,1.25978,0.82349,1.14539,0.00999703,0.00999703,0.00999703
32,8839.46,1.20214,1.23434,1.19332,0.93574,0.7589,0.90771,0.56793,1.30135,0.77714,1.15535,0.00999693,0.00999693,0.00999693
33,9115.87,1.20849,1.24258,1.19397,0.89103,0.78614,0.86589,0.49521,1.47367,0.8829,1.2541,0.00999683,0.00999683,0.00999683
34,9391.46,1.18772,1.18336,1.17011,0.7656,0.79447,0.84699,0.55405,1.23284,0.7869,1.15558,0.00999673,0.00999673,0.00999673
35,9667.89,1.18465,1.18689,1.18522,0.87019,0.78603,0.8646,0.52488,1.41814,0.81318,1.20434,0.00999663,0.00999663,0.00999663
36,9943.55,1.18265,1.18872,1.18192,0.8343,0.81887,0.84784,0.51562,1.44747,0.78147,1.21272,0.00999654,0.00999654,0.00999654
37,10220,1.15852,1.17599,1.17184,0.75341,0.82939,0.85157,0.56444,1.36327,0.82629,1.17234,0.00999644,0.00999644,0.00999644
38,10495.6,1.15364,1.16313,1.15924,0.90885,0.76836,0.87233,0.55847,1.34084,0.739,1.16859,0.00999634,0.00999634,0.00999634
39,10772,1.16969,1.15086,1.17011,0.86836,0.85784,0.916,0.57617,1.32528,0.72902,1.13579,0.00999624,0.00999624,0.00999624
40,11047.8,1.16686,1.1397,1.1751,0.88797,0.81837,0.87111,0.56092,1.31661,0.76412,1.14089,0.00999614,0.00999614,0.00999614
41,11324.4,1.13567,1.1528,1.16265,0.80739,0.87035,0.86858,0.53621,1.34203,0.78311,1.17028,0.00999604,0.00999604,0.00999604
42,11600,1.1359,1.1332,1.15725,0.83628,0.78459,0.88195,0.55805,1.3072,0.73156,1.13382,0.00999594,0.00999594,0.00999594
43,11876.4,1.13154,1.14388,1.15845,0.85416,0.8358,0.87936,0.56844,1.2948,0.71374,1.14122,0.00999584,0.00999584,0.00999584
44,12152.1,1.11212,1.13455,1.15344,0.91745,0.83449,0.91998,0.59242,1.32483,0.69961,1.15851,0.00999574,0.00999574,0.00999574
45,12428.6,1.12355,1.10996,1.15654,0.90132,0.78125,0.8856,0.6244,1.0437,0.67315,1.05951,0.00999564,0.00999564,0.00999564
46,12704.5,1.11094,1.12253,1.15359,0.88011,0.82087,0.89302,0.56936,1.28628,0.69404,1.13565,0.00999554,0.00999554,0.00999554
47,12980.8,1.11812,1.09654,1.1496,0.86923,0.79533,0.87865,0.56505,1.25639,0.65705,1.11604,0.00999545,0.00999545,0.00999545
48,13256.5,1.09925,1.07857,1.14384,0.85667,0.80292,0.87802,0.60964,1.19735,0.71604,1.11421,0.00999535,0.00999535,0.00999535
49,13532.9,1.09966,1.08913,1.13718,0.89396,0.7923,0.87522,0.58518,1.32088,0.71063,1.17245,0.00999525,0.00999525,0.00999525
50,13808.6,1.0985,1.09722,1.14245,0.89127,0.80753,0.90343,0.61455,1.18191,0.664,1.09936,0.00999515,0.00999515,0.00999515
51,14085,1.09028,1.05874,1.14124,0.84021,0.87424,0.91745,0.632,1.1352,0.64331,1.08342,0.00999505,0.00999505,0.00999505
52,14360.8,1.07407,1.05485,1.12378,0.91951,0.85205,0.91593,0.62725,1.2187,0.68532,1.11076,0.00999495,0.00999495,0.00999495
53,14637.2,1.0758,1.05794,1.11929,0.8977,0.84858,0.8957,0.6121,1.12932,0.64945,1.06624,0.00999485,0.00999485,0.00999485
54,14913,1.08513,1.05515,1.13292,0.89398,0.83278,0.92338,0.65511,1.07187,0.66388,1.03134,0.00999475,0.00999475,0.00999475
55,15189.5,1.07029,1.03705,1.11832,0.85526,0.85367,0.89726,0.63092,1.05809,0.5899,1.04784,0.00999465,0.00999465,0.00999465
56,15465.2,1.0685,1.05082,1.11956,0.78852,0.86947,0.88535,0.6544,0.96603,0.62162,1.02746,0.00999456,0.00999456,0.00999456
57,15741.6,1.06115,1.06468,1.12325,0.88762,0.84379,0.90073,0.60586,1.27802,0.65323,1.12947,0.00999446,0.00999446,0.00999446
58,16017.3,1.07504,1.02176,1.1224,0.85869,0.84991,0.90737,0.59111,1.30659,0.6865,1.15335,0.00999436,0.00999436,0.00999436
59,16293.7,1.05508,1.02051,1.11572,0.9007,0.86847,0.92074,0.69047,1.05177,0.58654,1.05312,0.00999426,0.00999426,0.00999426
60,16569.5,1.04467,1.04133,1.1215,0.92095,0.84212,0.93093,0.63233,1.1985,0.61579,1.09449,0.00999416,0.00999416,0.00999416
61,16845.9,1.04884,1.02498,1.12054,0.8558,0.87636,0.90508,0.63919,1.08134,0.58117,1.04928,0.00999406,0.00999406,0.00999406
62,17121.5,1.04479,1.01027,1.11006,0.89442,0.83806,0.90654,0.6536,1.04793,0.59138,1.04689,0.00999396,0.00999396,0.00999396
63,17397.9,1.04279,1.00032,1.10953,0.87099,0.86929,0.92972,0.68559,0.98893,0.55701,1.01194,0.00999386,0.00999386,0.00999386
64,17673.5,1.03776,1.03598,1.11299,0.8901,0.83628,0.91315,0.63946,1.13674,0.6208,1.06038,0.00999376,0.00999376,0.00999376
65,17950,1.0288,1.01173,1.10832,0.86567,0.86987,0.91234,0.61841,1.11972,0.59039,1.07357,0.00999366,0.00999366,0.00999366
66,18225.6,1.02777,1.02272,1.10476,0.87026,0.87089,0.90353,0.64534,1.0608,0.62996,1.0372,0.00999356,0.00999356,0.00999356
67,18502.2,1.03365,1.00683,1.10084,0.8575,0.86239,0.90759,0.63178,1.18849,0.60825,1.08188,0.00999347,0.00999347,0.00999347
68,18777.9,1.03158,0.98714,1.10068,0.87775,0.83594,0.90997,0.59409,1.29005,0.62836,1.1261,0.00999337,0.00999337,0.00999337
69,19054.8,1.02043,0.98471,1.10773,0.91294,0.83046,0.91644,0.62971,1.16992,0.61364,1.07992,0.00999327,0.00999327,0.00999327
70,19330.5,1.0176,0.98304,1.10526,0.88105,0.83852,0.9078,0.63397,1.16227,0.61095,1.06423,0.00999317,0.00999317,0.00999317
71,19606.9,1.03438,0.98704,1.10242,0.896,0.81993,0.89725,0.65542,1.07007,0.60005,1.03012,0.00999307,0.00999307,0.00999307
72,19882.5,1.00929,1.00735,1.09797,0.87376,0.85678,0.91809,0.70266,0.95591,0.54251,0.99791,0.00999297,0.00999297,0.00999297
73,20159,0.99721,0.97928,1.0878,0.86499,0.88724,0.91427,0.67856,1.00252,0.5801,1.01229,0.00999287,0.00999287,0.00999287
74,20434.7,1.0135,0.98671,1.09564,0.88918,0.89916,0.92814,0.6823,1.00287,0.54805,1.03156,0.00999277,0.00999277,0.00999277
75,20711.1,1.01889,0.96036,1.103,0.95105,0.87582,0.93928,0.67552,1.10785,0.55917,1.06816,0.00999267,0.00999267,0.00999267
76,20986.7,1.01356,0.97648,1.10333,0.88065,0.88746,0.92013,0.6633,1.07925,0.57711,1.03195,0.00999258,0.00999258,0.00999258
77,21263.2,1.00335,0.94541,1.08588,0.886,0.87124,0.91744,0.67609,0.99615,0.58686,1.019,0.00999248,0.00999248,0.00999248
78,21538.7,1.00796,0.97316,1.09072,0.90398,0.8874,0.93262,0.7025,0.98052,0.55591,1.03176,0.00999238,0.00999238,0.00999238
79,21815.4,1.00268,0.96128,1.08046,0.91562,0.90153,0.92569,0.67216,1.03462,0.54361,1.03591,0.00999228,0.00999228,0.00999228
80,22091.1,0.99708,0.96941,1.09041,0.86026,0.90763,0.92829,0.68188,1.00001,0.53268,1.01799,0.00999218,0.00999218,0.00999218
81,22367.6,0.99579,0.95262,1.08475,0.89264,0.88524,0.92495,0.69301,1.00089,0.54396,1.02753,0.00999208,0.00999208,0.00999208
82,22643.3,0.97594,0.96371,1.08304,0.92518,0.91247,0.93441,0.70271,0.9559,0.51043,1.0152,0.00999198,0.00999198,0.00999198
83,22919.7,0.99252,0.94913,1.08651,0.87262,0.90089,0.93245,0.69402,1.04226,0.52914,1.02943,0.00999188,0.00999188,0.00999188
84,23195.4,0.97636,0.94901,1.07477,0.90162,0.87973,0.936,0.70789,0.94818,0.52679,1.00197,0.00999178,0.00999178,0.00999178
85,23471.9,0.99279,0.95606,1.08251,0.92012,0.86776,0.93488,0.70302,0.92415,0.52993,0.99449,0.00999168,0.00999168,0.00999168
86,23747.6,0.96799,0.93574,1.07475,0.88905,0.9152,0.93083,0.6713,1.10337,0.56682,1.06288,0.00999158,0.00999158,0.00999158
87,24023.9,0.98636,0.93672,1.08844,0.94508,0.88169,0.93851,0.70051,1.02181,0.54262,1.02914,0.00999149,0.00999149,0.00999149
88,24299.6,0.9803,0.93204,1.07958,0.919,0.91095,0.942,0.69529,1.07991,0.54638,1.05592,0.00999139,0.00999139,0.00999139
89,24576,0.97786,0.94573,1.09156,0.89051,0.90709,0.93108,0.70702,0.95891,0.51227,1.00823,0.00999129,0.00999129,0.00999129
90,24851.7,0.97459,0.9232,1.07638,0.92852,0.89443,0.94212,0.70573,0.94503,0.52114,1.00674,0.00999119,0.00999119,0.00999119
91,25128,0.96714,0.94384,1.07388,0.9114,0.91563,0.94512,0.70273,1.02571,0.51761,1.02847,0.00999109,0.00999109,0.00999109
92,25403.8,0.9612,0.90996,1.07425,0.93892,0.90089,0.94534,0.72683,0.93804,0.49879,1.00211,0.00999099,0.00999099,0.00999099
93,25680.3,0.97004,0.93704,1.0768,0.93164,0.90516,0.94028,0.69431,0.99807,0.53368,1.00708,0.00999089,0.00999089,0.00999089
94,25956.1,0.95624,0.91436,1.06798,0.9171,0.91496,0.93997,0.68146,1.11281,0.54563,1.06171,0.00999079,0.00999079,0.00999079
95,26232.5,0.96843,0.91424,1.0771,0.92619,0.88342,0.92326,0.70286,0.97805,0.49779,1.0027,0.00999069,0.00999069,0.00999069
96,26508.2,0.9681,0.9206,1.07382,0.92107,0.92525,0.93578,0.72879,0.93428,0.49542,1.00108,0.00999059,0.00999059,0.00999059
97,26784.7,0.94982,0.91294,1.06593,0.9461,0.8979,0.94068,0.71967,0.92248,0.49115,0.99156,0.0099905,0.0099905,0.0099905
98,27060.3,0.96395,0.92325,1.07777,0.90973,0.89096,0.93403,0.70649,0.98024,0.50536,1.01351,0.0099904,0.0099904,0.0099904
99,27336.6,0.94519,0.91831,1.0744,0.91368,0.89515,0.937,0.72484,0.94667,0.49531,0.99424,0.0099903,0.0099903,0.0099903
100,27612.3,0.94314,0.90353,1.06732,0.91446,0.90981,0.9332,0.71568,0.95613,0.48667,1.0001,0.0099902,0.0099902,0.0099902
101,27888.6,0.95035,0.90076,1.06361,0.93503,0.91064,0.93529,0.71874,0.96226,0.48926,0.99151,0.0099901,0.0099901,0.0099901
102,28164.3,0.94017,0.89744,1.06552,0.91165,0.90778,0.92582,0.71491,0.88981,0.48203,0.97101,0.00999,0.00999,0.00999
103,28440.7,0.94434,0.89666,1.06634,0.93208,0.8921,0.93927,0.73173,0.92201,0.48489,0.98524,0.0099899,0.0099899,0.0099899
104,28716.4,0.94605,0.89431,1.06521,0.9337,0.87602,0.9385,0.73123,0.943,0.47788,1.00534,0.0099898,0.0099898,0.0099898
105,28992.8,0.95135,0.90079,1.06771,0.92904,0.8978,0.9395,0.73029,0.97443,0.47742,1.01264,0.0099897,0.0099897,0.0099897
106,29268.4,0.93797,0.88691,1.06356,0.9183,0.88882,0.94062,0.72407,1.00942,0.48285,1.024,0.00998961,0.00998961,0.00998961
107,29545,0.9335,0.88801,1.06061,0.92632,0.90006,0.93964,0.72379,0.92946,0.4704,1.00484,0.00998951,0.00998951,0.00998951
108,29821.8,0.93388,0.89622,1.05528,0.91254,0.89374,0.94037,0.74111,0.89005,0.46704,0.98333,0.00998941,0.00998941,0.00998941
109,30098.4,0.93586,0.89703,1.05749,0.91707,0.90098,0.937,0.73871,0.90901,0.48296,0.97401,0.00998931,0.00998931,0.00998931
110,30374.1,0.91831,0.89739,1.05333,0.9339,0.88497,0.94124,0.72108,0.9351,0.48004,0.99359,0.00998921,0.00998921,0.00998921
111,30650.5,0.92358,0.88098,1.05022,0.94245,0.89916,0.94031,0.72119,0.93276,0.46432,0.98575,0.00998911,0.00998911,0.00998911
112,30926.2,0.93124,0.8785,1.05249,0.9418,0.90605,0.94201,0.72917,0.94557,0.46501,0.99523,0.00998901,0.00998901,0.00998901
113,31202.7,0.92533,0.86974,1.04657,0.93253,0.9221,0.94383,0.73298,0.91898,0.47152,0.99215,0.00998891,0.00998891,0.00998891
114,31478.3,0.92714,0.86721,1.05826,0.92771,0.92124,0.94715,0.72163,0.9643,0.46588,1.00722,0.00998881,0.00998881,0.00998881
115,31754.6,0.92693,0.90021,1.06208,0.93171,0.90908,0.94169,0.7084,0.95643,0.46929,0.99341,0.00998871,0.00998871,0.00998871
116,32030.4,0.92265,0.87486,1.05434,0.89908,0.93076,0.94233,0.74254,0.86326,0.452,0.96616,0.00998862,0.00998862,0.00998862
117,32306.9,0.91151,0.8458,1.0446,0.8951,0.939,0.93686,0.72048,0.92571,0.46474,0.97652,0.00998852,0.00998852,0.00998852
118,32582.5,0.91758,0.88133,1.05563,0.91086,0.92233,0.94251,0.7268,0.92362,0.45335,0.97897,0.00998842,0.00998842,0.00998842
119,32858.8,0.92239,0.85701,1.05132,0.92509,0.89018,0.94275,0.72252,0.93598,0.46667,0.98341,0.00998832,0.00998832,0.00998832
120,33134.5,0.92326,0.87635,1.05295,0.93356,0.91654,0.93728,0.71729,0.96137,0.4679,0.9909,0.00998822,0.00998822,0.00998822
121,33411.1,0.92309,0.85857,1.06155,0.93712,0.90784,0.95328,0.73273,0.94521,0.46233,0.98903,0.00998812,0.00998812,0.00998812
122,33686.7,0.91738,0.85745,1.05136,0.93418,0.90343,0.95117,0.73026,0.96036,0.47072,1.00555,0.00998802,0.00998802,0.00998802
123,33963.1,0.91453,0.84383,1.0408,0.92155,0.90998,0.93931,0.72816,0.9441,0.46098,0.99609,0.00998792,0.00998792,0.00998792
124,34238.7,0.91867,0.8585,1.04407,0.92946,0.90164,0.94635,0.73669,0.88339,0.44657,0.96859,0.00998782,0.00998782,0.00998782
125,34515.2,0.91025,0.85636,1.05478,0.94113,0.90743,0.93868,0.74894,0.87024,0.44553,0.96191,0.00998772,0.00998772,0.00998772
126,34791,0.91283,0.85889,1.04846,0.92648,0.90702,0.93756,0.73959,0.87554,0.45215,0.96232,0.00998762,0.00998762,0.00998762
127,35067.3,0.91051,0.85995,1.04682,0.92627,0.90583,0.94398,0.74616,0.84148,0.4467,0.95438,0.00998753,0.00998753,0.00998753
128,35343,0.90124,0.85263,1.04502,0.94003,0.91363,0.93465,0.74042,0.88891,0.46075,0.97517,0.00998743,0.00998743,0.00998743
129,35619.4,0.90128,0.86467,1.04427,0.93692,0.92735,0.93867,0.73367,0.90807,0.45986,0.97959,0.00998733,0.00998733,0.00998733
130,35895,0.88619,0.83367,1.03803,0.92918,0.9223,0.94138,0.73518,0.89477,0.44912,0.97507,0.00998723,0.00998723,0.00998723
131,36171.4,0.91052,0.85252,1.04176,0.91858,0.9201,0.94081,0.74995,0.88274,0.44135,0.97475,0.00998713,0.00998713,0.00998713
132,36447.1,0.90815,0.8495,1.05418,0.93534,0.91848,0.94973,0.74324,0.88583,0.44044,0.97281,0.00998703,0.00998703,0.00998703
133,36723.7,0.90533,0.8375,1.04332,0.93264,0.91441,0.9441,0.73353,0.91776,0.45262,0.98463,0.00998693,0.00998693,0.00998693
134,36999.6,0.91087,0.85625,1.05186,0.92967,0.91261,0.94603,0.74701,0.89342,0.4457,0.96777,0.00998683,0.00998683,0.00998683
135,37276,0.89618,0.84688,1.04519,0.92883,0.92775,0.94463,0.74841,0.89154,0.44914,0.96727,0.00998673,0.00998673,0.00998673
136,37551.8,0.89461,0.83394,1.03967,0.92807,0.92013,0.94094,0.74105,0.88145,0.45144,0.96492,0.00998664,0.00998664,0.00998664
137,37828.2,0.8995,0.84321,1.04431,0.93045,0.92356,0.946,0.75888,0.86828,0.44152,0.9641,0.00998654,0.00998654,0.00998654
138,38104,0.89231,0.83763,1.03787,0.93795,0.92772,0.95437,0.75219,0.88504,0.44046,0.96806,0.00998644,0.00998644,0.00998644
139,38380.4,0.89479,0.83237,1.03679,0.93609,0.91503,0.95425,0.76146,0.88037,0.44185,0.9694,0.00998634,0.00998634,0.00998634
140,38657.2,0.89141,0.8472,1.03303,0.93479,0.92717,0.95899,0.75786,0.85836,0.43623,0.96107,0.00998624,0.00998624,0.00998624
141,38933.6,0.87701,0.82685,1.03175,0.93568,0.91862,0.95584,0.76385,0.84861,0.44312,0.95759,0.00998614,0.00998614,0.00998614
142,39209.4,0.88911,0.82323,1.03947,0.93876,0.91195,0.95109,0.76458,0.83183,0.44919,0.95061,0.00998604,0.00998604,0.00998604
143,39485.8,0.89424,0.82872,1.04115,0.93257,0.90147,0.94943,0.76105,0.85302,0.45471,0.95702,0.00998594,0.00998594,0.00998594
144,39761.5,0.88423,0.84254,1.04254,0.93404,0.90754,0.94871,0.76543,0.84847,0.45446,0.9582,0.00998584,0.00998584,0.00998584
145,40038,0.88742,0.85111,1.04167,0.93574,0.90733,0.94882,0.74845,0.89339,0.45411,0.97899,0.00998574,0.00998574,0.00998574
146,40313.6,0.88182,0.82285,1.02942,0.91975,0.91138,0.94632,0.75067,0.88813,0.45451,0.97926,0.00998565,0.00998565,0.00998565
147,40590,0.8887,0.8273,1.03932,0.93684,0.90453,0.94367,0.74755,0.87912,0.44835,0.97648,0.00998555,0.00998555,0.00998555
148,40865.6,0.89161,0.84155,1.03853,0.93117,0.9077,0.94483,0.75117,0.85822,0.44296,0.96978,0.00998545,0.00998545,0.00998545
149,41142,0.88296,0.82043,1.04355,0.93535,0.91086,0.95297,0.75307,0.84755,0.43465,0.96088,0.00998535,0.00998535,0.00998535
150,41417.7,0.87688,0.81666,1.0336,0.93973,0.91136,0.95544,0.7533,0.87602,0.43664,0.96937,0.00998525,0.00998525,0.00998525
151,41694.1,0.87503,0.8368,1.03423,0.94163,0.91,0.95361,0.75518,0.86655,0.4317,0.96994,0.00998515,0.00998515,0.00998515
152,41969.8,0.89443,0.82812,1.04135,0.94265,0.89077,0.9449,0.75285,0.86001,0.43343,0.96855,0.00998505,0.00998505,0.00998505
153,42246.4,0.87546,0.80952,1.02831,0.9386,0.89215,0.94405,0.74287,0.86823,0.43899,0.97082,0.00998495,0.00998495,0.00998495
154,42522,0.88867,0.82632,1.03006,0.93559,0.90005,0.94528,0.75624,0.85917,0.43627,0.96432,0.00998485,0.00998485,0.00998485
155,42798.5,0.87011,0.8301,1.03344,0.93255,0.90088,0.94363,0.7491,0.86446,0.43949,0.96869,0.00998475,0.00998475,0.00998475
156,43074.1,0.87041,0.80778,1.02979,0.92152,0.90378,0.94419,0.75437,0.8745,0.44036,0.97137,0.00998465,0.00998465,0.00998465
157,43350.6,0.87121,0.81489,1.03031,0.92388,0.89666,0.94532,0.7637,0.87031,0.43906,0.96897,0.00998456,0.00998456,0.00998456
158,43626.2,0.87468,0.81375,1.03248,0.92579,0.91159,0.95098,0.76105,0.87788,0.43691,0.97207,0.00998446,0.00998446,0.00998446
159,43902.6,0.88152,0.817,1.03273,0.91217,0.91517,0.94533,0.75731,0.86383,0.43122,0.96771,0.00998436,0.00998436,0.00998436
160,44178.2,0.86793,0.81349,1.02534,0.91787,0.91501,0.94383,0.75748,0.86718,0.43047,0.96989,0.00998426,0.00998426,0.00998426
161,44454.6,0.86615,0.81253,1.02849,0.92397,0.91881,0.94902,0.75909,0.86513,0.4276,0.96974,0.00998416,0.00998416,0.00998416
162,44730.3,0.87088,0.82424,1.03178,0.92255,0.9185,0.94857,0.75518,0.88298,0.42968,0.97496,0.00998406,0.00998406,0.00998406
163,45006.7,0.85808,0.81842,1.01864,0.92025,0.92028,0.95033,0.75578,0.88624,0.43045,0.97771,0.00998396,0.00998396,0.00998396
164,45282.4,0.86164,0.82104,1.02964,0.92231,0.92096,0.95063,0.75725,0.87683,0.43298,0.97516,0.00998386,0.00998386,0.00998386
165,45558.8,0.85734,0.81413,1.03059,0.92265,0.922,0.95038,0.75994,0.86668,0.42669,0.97284,0.00998376,0.00998376,0.00998376
166,45834.7,0.86071,0.82714,1.03187,0.92307,0.92202,0.95279,0.75604,0.86777,0.4252,0.9723,0.00998366,0.00998366,0.00998366
167,46111.1,0.85223,0.80335,1.02486,0.92365,0.92228,0.95223,0.75786,0.86571,0.4202,0.97102,0.00998357,0.00998357,0.00998357
168,46386.8,0.86403,0.81914,1.0243,0.92757,0.92483,0.95335,0.75899,0.85957,0.41644,0.96819,0.00998347,0.00998347,0.00998347
169,46663.2,0.8528,0.81715,1.02645,0.92362,0.92819,0.95199,0.75984,0.85787,0.41442,0.9679,0.00998337,0.00998337,0.00998337
170,46938.8,0.8766,0.81134,1.03949,0.9242,0.9285,0.95231,0.76146,0.86025,0.41187,0.96663,0.00998327,0.00998327,0.00998327
171,47215.2,0.87299,0.80896,1.02811,0.92267,0.92561,0.95291,0.76016,0.86599,0.41314,0.968,0.00998317,0.00998317,0.00998317
172,47490.7,0.84921,0.79353,1.02012,0.92566,0.92353,0.95134,0.75667,0.86492,0.41773,0.96941,0.00998307,0.00998307,0.00998307
173,47767.1,0.85801,0.78678,1.01922,0.92385,0.92314,0.95086,0.75966,0.8628,0.41701,0.9674,0.00998297,0.00998297,0.00998297
174,48042.7,0.84415,0.80006,1.02239,0.92596,0.92144,0.9522,0.75633,0.86568,0.42398,0.9693,0.00998287,0.00998287,0.00998287
175,48319.1,0.86609,0.80769,1.02973,0.92659,0.92113,0.95214,0.75901,0.86773,0.42709,0.97079,0.00998277,0.00998277,0.00998277
176,48594.7,0.86319,0.8205,1.0286,0.92737,0.92167,0.95202,0.75843,0.86206,0.42651,0.96715,0.00998267,0.00998267,0.00998267
177,48871.1,0.86198,0.80133,1.03311,0.92843,0.92012,0.95094,0.76255,0.85895,0.42365,0.96562,0.00998258,0.00998258,0.00998258
178,49146.7,0.84849,0.80292,1.02573,0.92378,0.9327,0.9508,0.76197,0.84876,0.42103,0.96096,0.00998248,0.00998248,0.00998248
179,49423.1,0.84786,0.79868,1.02427,0.92466,0.93003,0.95086,0.75732,0.85137,0.42141,0.96024,0.00998238,0.00998238,0.00998238
180,49699.1,0.84848,0.78873,1.01794,0.92296,0.93006,0.95088,0.7644,0.84808,0.42508,0.95852,0.00998228,0.00998228,0.00998228
181,49975.4,0.83982,0.78182,1.0207,0.92174,0.93085,0.94964,0.76295,0.84525,0.42471,0.9571,0.00998218,0.00998218,0.00998218
182,50251,0.84627,0.7888,1.01093,0.91964,0.93317,0.9475,0.76307,0.84217,0.42352,0.95575,0.00998208,0.00998208,0.00998208
183,50527.4,0.84248,0.80083,1.01847,0.92057,0.93272,0.94679,0.76378,0.83934,0.42102,0.95554,0.00998198,0.00998198,0.00998198
184,50803.1,0.84829,0.77417,1.01887,0.92173,0.93129,0.94804,0.76533,0.83849,0.41361,0.95378,0.00998188,0.00998188,0.00998188
185,51079.4,0.83297,0.79305,1.01332,0.9234,0.92999,0.94869,0.76855,0.83777,0.41249,0.95441,0.00998178,0.00998178,0.00998178
186,51355.1,0.84302,0.79484,1.01829,0.92245,0.92916,0.94874,0.76921,0.84081,0.41362,0.95384,0.00998169,0.00998169,0.00998169
187,51631.6,0.84092,0.80914,1.02247,0.9226,0.92876,0.94764,0.76519,0.83999,0.41293,0.95319,0.00998159,0.00998159,0.00998159
188,51907.3,0.84372,0.79051,1.02492,0.92392,0.92785,0.94873,0.76761,0.84031,0.41278,0.95479,0.00998149,0.00998149,0.00998149
189,52183.7,0.84373,0.78461,1.01649,0.92375,0.92715,0.94862,0.76061,0.84065,0.41217,0.95463,0.00998139,0.00998139,0.00998139
190,52459.5,0.8469,0.79043,1.01982,0.92573,0.92371,0.94723,0.76098,0.83936,0.41472,0.95429,0.00998129,0.00998129,0.00998129
191,52735.8,0.84273,0.78033,1.0184,0.92181,0.92031,0.94599,0.7625,0.83516,0.41367,0.95408,0.00998119,0.00998119,0.00998119
192,53011.5,0.84768,0.78839,1.02008,0.92211,0.91881,0.94714,0.76063,0.8318,0.41399,0.95094,0.00998109,0.00998109,0.00998109
193,53287.7,0.83642,0.78435,1.01047,0.92531,0.91786,0.94768,0.76046,0.83458,0.4138,0.95185,0.00998099,0.00998099,0.00998099
194,53562.7,0.83924,0.79301,1.02146,0.92514,0.91862,0.94444,0.7657,0.83023,0.41372,0.95164,0.00998089,0.00998089,0.00998089
195,53838.7,0.83802,0.77556,1.01119,0.92745,0.91794,0.94443,0.77051,0.82953,0.41773,0.95228,0.00998079,0.00998079,0.00998079
196,54113.9,0.84405,0.77466,1.01557,0.93046,0.91652,0.94612,0.76944,0.82723,0.42013,0.95251,0.00998069,0.00998069,0.00998069
197,54389.8,0.84102,0.78684,1.01379,0.93157,0.91551,0.94887,0.77122,0.82786,0.41811,0.95369,0.0099806,0.0099806,0.0099806
198,54665,0.84054,0.78218,1.01699,0.933,0.91577,0.94712,0.76222,0.82584,0.41609,0.9533,0.0099805,0.0099805,0.0099805
199,54940.9,0.84153,0.79106,1.01625,0.93591,0.91579,0.94728,0.76253,0.82213,0.41413,0.95203,0.0099804,0.0099804,0.0099804
200,55216,0.83412,0.7851,1.00969,0.93794,0.91451,0.94906,0.76371,0.82016,0.41159,0.95136,0.0099803,0.0099803,0.0099803
201,55491.9,0.82308,0.79603,1.01709,0.9372,0.91573,0.94918,0.7648,0.81772,0.41033,0.95111,0.0099802,0.0099802,0.0099802
202,55766.9,0.83137,0.76452,1.01013,0.93603,0.91663,0.94854,0.76566,0.8121,0.40619,0.94935,0.0099801,0.0099801,0.0099801
203,56042.8,0.83339,0.76823,1.01206,0.9352,0.91714,0.94806,0.76615,0.80943,0.40406,0.95067,0.00998,0.00998,0.00998
204,56317.8,0.83458,0.78244,1.00562,0.93517,0.91766,0.94767,0.77049,0.80686,0.40541,0.95028,0.0099799,0.0099799,0.0099799
205,56593.7,0.83073,0.77166,1.00871,0.93697,0.91741,0.94755,0.76689,0.80749,0.40684,0.95005,0.0099798,0.0099798,0.0099798
206,56869,0.84292,0.76661,1.02157,0.93759,0.91789,0.9484,0.76925,0.80491,0.4038,0.94924,0.00997971,0.00997971,0.00997971
207,57144.9,0.83787,0.77804,1.01056,0.9368,0.91815,0.94949,0.76961,0.80662,0.40568,0.94949,0.00997961,0.00997961,0.00997961
208,57420,0.82757,0.76529,1.01233,0.93692,0.918,0.94955,0.77202,0.80758,0.4087,0.94882,0.00997951,0.00997951,0.00997951
209,57696,0.83005,0.76743,1.0074,0.9371,0.91769,0.94924,0.77059,0.81065,0.40786,0.94905,0.00997941,0.00997941,0.00997941
210,57971.1,0.82333,0.77792,1.00776,0.93727,0.91763,0.94919,0.77032,0.8115,0.40765,0.94878,0.00997931,0.00997931,0.00997931
211,58247,0.8304,0.78327,1.01343,0.9371,0.91779,0.94824,0.77259,0.81227,0.40879,0.94877,0.00997921,0.00997921,0.00997921
212,58522.2,0.8204,0.77114,1.0106,0.93684,0.91748,0.94729,0.77024,0.81319,0.40783,0.949,0.00997911,0.00997911,0.00997911
213,58798.1,0.81964,0.77891,1.0123,0.93696,0.91738,0.94765,0.77107,0.81588,0.40878,0.94891,0.00997901,0.00997901,0.00997901
214,59073.2,0.82648,0.778,1.01442,0.93812,0.91779,0.94707,0.77067,0.81451,0.4075,0.94709,0.00997891,0.00997891,0.00997891
215,59349,0.81866,0.76761,1.00203,0.9379,0.91776,0.94703,0.7694,0.8128,0.40902,0.94629,0.00997881,0.00997881,0.00997881
216,59624.1,0.83083,0.76228,1.01217,0.9396,0.91756,0.94903,0.77185,0.81104,0.41126,0.945,0.00997872,0.00997872,0.00997872
217,59900.1,0.82325,0.76666,1.01127,0.94105,0.91691,0.94744,0.77106,0.80903,0.41021,0.94418,0.00997862,0.00997862,0.00997862
218,60175.1,0.81794,0.76639,1.00404,0.94098,0.91733,0.94741,0.77071,0.80869,0.40904,0.94426,0.00997852,0.00997852,0.00997852
219,60451.2,0.81181,0.76454,1.00811,0.94137,0.91706,0.94707,0.771,0.80817,0.40807,0.94429,0.00997842,0.00997842,0.00997842
220,60726.3,0.81715,0.77538,1.00317,0.94116,0.91683,0.94714,0.77052,0.80785,0.40782,0.94344,0.00997832,0.00997832,0.00997832
221,61002.2,0.8234,0.7659,1.00711,0.94203,0.91645,0.94777,0.77072,0.80846,0.40579,0.9438,0.00997822,0.00997822,0.00997822
222,61277.3,0.8108,0.76144,1.00131,0.94193,0.91645,0.94781,0.77155,0.80942,0.40545,0.94373,0.00997812,0.00997812,0.00997812
223,61553.3,0.82044,0.75805,1.00882,0.94185,0.91632,0.94778,0.77048,0.80919,0.40461,0.94314,0.00997802,0.00997802,0.00997802
224,61828.4,0.81806,0.76266,1.00601,0.94213,0.9165,0.94932,0.77283,0.8104,0.40395,0.94369,0.00997792,0.00997792,0.00997792
225,62104.4,0.81962,0.7509,1.00716,0.94222,0.91583,0.94931,0.77341,0.81228,0.40574,0.94451,0.00997782,0.00997782,0.00997782
226,62379.6,0.81314,0.75002,1.00087,0.94222,0.91651,0.94949,0.77127,0.8141,0.40689,0.94511,0.00997773,0.00997773,0.00997773
227,62655.5,0.82122,0.75488,1.01048,0.9417,0.91631,0.95092,0.77319,0.81452,0.40615,0.94584,0.00997763,0.00997763,0.00997763
228,62930.6,0.81014,0.76018,1.00324,0.9422,0.916,0.95088,0.77206,0.81559,0.40718,0.94646,0.00997753,0.00997753,0.00997753
229,63206.5,0.82008,0.7593,1.0123,0.94109,0.91718,0.95087,0.77289,0.81517,0.40519,0.94726,0.00997743,0.00997743,0.00997743
230,63481.5,0.80734,0.73988,0.99817,0.94048,0.91725,0.95088,0.77459,0.81426,0.40517,0.94645,0.00997733,0.00997733,0.00997733
231,63757.5,0.81978,0.761,1.00375,0.94028,0.91719,0.95093,0.77307,0.81371,0.40518,0.94696,0.00997723,0.00997723,0.00997723
232,64032.8,0.82371,0.75179,1.01072,0.94009,0.91725,0.95092,0.77147,0.81289,0.40369,0.94692,0.00997713,0.00997713,0.00997713
233,64308.8,0.81531,0.76676,1.00352,0.94089,0.91719,0.95088,0.76733,0.81205,0.40484,0.94703,0.00997703,0.00997703,0.00997703
234,64583.8,0.82026,0.75117,1.00588,0.94151,0.91707,0.95234,0.76843,0.8133,0.40566,0.94769,0.00997693,0.00997693,0.00997693
235,64859.7,0.81778,0.75946,1.00241,0.94149,0.91704,0.95282,0.76894,0.81322,0.40592,0.9474,0.00997683,0.00997683,0.00997683
236,65134.8,0.80996,0.76826,1.00879,0.94171,0.91702,0.95136,0.76711,0.81385,0.40551,0.94723,0.00997674,0.00997674,0.00997674
237,65410.7,0.81105,0.75842,0.99581,0.94157,0.91736,0.95135,0.76702,0.81522,0.40568,0.9475,0.00997664,0.00997664,0.00997664
238,65685.8,0.80869,0.75128,1.00387,0.94186,0.91755,0.95173,0.76321,0.81645,0.40445,0.94781,0.00997654,0.00997654,0.00997654
239,65961.7,0.81875,0.75075,1.01205,0.9417,0.91767,0.95172,0.76637,0.81615,0.40548,0.94824,0.00997644,0.00997644,0.00997644
240,66236.8,0.79701,0.74314,0.997,0.94243,0.91746,0.95221,0.76665,0.819,0.40534,0.94885,0.00997634,0.00997634,0.00997634
241,66512.8,0.80247,0.75585,0.99814,0.9428,0.9177,0.95173,0.7667,0.81931,0.40705,0.94917,0.00997624,0.00997624,0.00997624
242,66787.8,0.80558,0.76053,1.00114,0.94295,0.91788,0.95221,0.76723,0.81954,0.40609,0.94897,0.00997614,0.00997614,0.00997614
243,67063.7,0.80235,0.73282,0.99955,0.94309,0.91798,0.95131,0.76728,0.82215,0.40512,0.95008,0.00997604,0.00997604,0.00997604
244,67338.8,0.79898,0.75495,0.99564,0.94276,0.91819,0.9518,0.76714,0.82333,0.4044,0.94985,0.00997594,0.00997594,0.00997594
245,67614.9,0.81702,0.73494,0.99699,0.94257,0.91817,0.95138,0.76579,0.82321,0.40276,0.94967,0.00997584,0.00997584,0.00997584
246,67890,0.7967,0.75386,0.9985,0.9425,0.91821,0.95232,0.76663,0.82315,0.40375,0.94963,0.00997575,0.00997575,0.00997575
247,68165.9,0.80758,0.74516,0.99801,0.94229,0.91821,0.95305,0.76716,0.82288,0.40419,0.94974,0.00997565,0.00997565,0.00997565
248,68441,0.79983,0.74134,0.99433,0.94215,0.91818,0.95303,0.76613,0.82495,0.40306,0.94994,0.00997555,0.00997555,0.00997555
249,68716.8,0.80855,0.74781,1.00278,0.94159,0.91849,0.95299,0.7661,0.82502,0.40476,0.94957,0.00997545,0.00997545,0.00997545
250,68991.9,0.80597,0.75327,0.99849,0.94174,0.91856,0.95295,0.76571,0.82369,0.40281,0.94955,0.00997535,0.00997535,0.00997535
251,69267.9,0.8069,0.75938,1.00445,0.94116,0.91893,0.95354,0.76668,0.82417,0.40418,0.94938,0.00997525,0.00997525,0.00997525
252,69542.9,0.80246,0.74642,1.00181,0.94165,0.91896,0.95464,0.76888,0.82279,0.40318,0.94923,0.00997515,0.00997515,0.00997515
253,69818.8,0.80401,0.74171,0.99573,0.94138,0.91904,0.95464,0.76833,0.82247,0.4031,0.94954,0.00997505,0.00997505,0.00997505
254,70093.9,0.79893,0.74178,0.99502,0.94082,0.91914,0.95464,0.76883,0.82098,0.40185,0.94927,0.00997495,0.00997495,0.00997495
255,70369.8,0.79517,0.7546,1.00156,0.94084,0.91918,0.9551,0.7706,0.8216,0.40193,0.94929,0.00997485,0.00997485,0.00997485
256,70644.8,0.79668,0.75501,1.00185,0.94021,0.91971,0.9551,0.76967,0.82282,0.40401,0.94924,0.00997476,0.00997476,0.00997476
257,70920.7,0.80365,0.74978,1.00032,0.94023,0.91985,0.95511,0.77153,0.82365,0.40386,0.94937,0.00997466,0.00997466,0.00997466
258,71196,0.80087,0.74364,0.99988,0.93999,0.91949,0.95583,0.7722,0.82382,0.40477,0.94958,0.00997456,0.00997456,0.00997456
259,71471.8,0.79771,0.73879,0.99778,0.94006,0.91953,0.95582,0.77401,0.82435,0.40555,0.94943,0.00997446,0.00997446,0.00997446
260,71746.9,0.80073,0.74047,0.99839,0.93972,0.91958,0.95583,0.7739,0.82335,0.40438,0.94938,0.00997436,0.00997436,0.00997436
261,72022.8,0.79702,0.7249,0.99067,0.93965,0.91926,0.95582,0.77386,0.82354,0.4036,0.94905,0.00997426,0.00997426,0.00997426
262,72297.9,0.78817,0.74374,1.00031,0.93979,0.91904,0.95577,0.77099,0.82284,0.40409,0.94911,0.00997416,0.00997416,0.00997416
263,72573.8,0.7948,0.73429,0.99484,0.93979,0.91912,0.95577,0.7722,0.82355,0.40482,0.94907,0.00997406,0.00997406,0.00997406
264,72848.9,0.80017,0.73871,0.99879,0.93982,0.91918,0.95577,0.77237,0.82453,0.40304,0.94926,0.00997396,0.00997396,0.00997396
265,73124.8,0.78895,0.73177,0.99356,0.93966,0.91923,0.95715,0.77347,0.82229,0.40307,0.94885,0.00997386,0.00997386,0.00997386
266,73399.8,0.79622,0.72951,0.99393,0.93909,0.91949,0.95781,0.77223,0.82378,0.4044,0.94949,0.00997377,0.00997377,0.00997377
267,73675.7,0.79543,0.74345,1.002,0.93924,0.91957,0.95781,0.77314,0.82249,0.40368,0.94966,0.00997367,0.00997367,0.00997367
268,73950.9,0.79321,0.73119,0.99335,0.93889,0.92,0.95781,0.77536,0.82374,0.40334,0.94982,0.00997357,0.00997357,0.00997357
269,74226.9,0.79089,0.74857,0.99412,0.93889,0.91991,0.95878,0.77642,0.82329,0.40301,0.94949,0.00997347,0.00997347,0.00997347
270,74502.1,0.78496,0.75418,0.99141,0.93828,0.92071,0.95876,0.77456,0.82347,0.40255,0.94984,0.00997337,0.00997337,0.00997337
271,74778.2,0.78784,0.7327,0.98253,0.93806,0.92066,0.95878,0.77582,0.82351,0.40359,0.94998,0.00997327,0.00997327,0.00997327
272,75053.3,0.77722,0.73519,0.98437,0.93758,0.92086,0.95881,0.77579,0.82349,0.40324,0.95056,0.00997317,0.00997317,0.00997317
273,75329.1,0.7993,0.73264,0.99717,0.93763,0.92096,0.95878,0.77636,0.82499,0.40498,0.95055,0.00997307,0.00997307,0.00997307
274,75604.3,0.79245,0.73502,0.99238,0.93749,0.92117,0.95881,0.77798,0.82597,0.40321,0.95018,0.00997297,0.00997297,0.00997297
275,75880.4,0.79335,0.72095,0.98806,0.93687,0.92099,0.95697,0.77627,0.82636,0.40499,0.95048,0.00997287,0.00997287,0.00997287
276,76155.5,0.77681,0.71973,0.99332,0.93573,0.92089,0.95784,0.77742,0.8267,0.40573,0.95082,0.00997277,0.00997277,0.00997277
277,76431.4,0.79427,0.71995,0.99673,0.93546,0.92081,0.95696,0.77649,0.82752,0.40464,0.95116,0.00997268,0.00997268,0.00997268
278,76706.4,0.77794,0.75174,0.9921,0.93587,0.92027,0.95696,0.77584,0.8288,0.40435,0.95124,0.00997258,0.00997258,0.00997258
279,76982.4,0.7732,0.72492,0.99316,0.93595,0.92022,0.95785,0.77713,0.82847,0.4045,0.95128,0.00997248,0.00997248,0.00997248
280,77257.5,0.78428,0.7374,0.99622,0.93566,0.9202,0.95696,0.77505,0.82835,0.40448,0.9508,0.00997238,0.00997238,0.00997238
281,77533.4,0.78052,0.72638,0.99083,0.93544,0.91995,0.95743,0.77611,0.82754,0.40387,0.95056,0.00997228,0.00997228,0.00997228
282,77808.5,0.78036,0.7222,0.99088,0.93538,0.91996,0.95694,0.77546,0.82767,0.40559,0.95072,0.00997218,0.00997218,0.00997218
283,78084.4,0.79395,0.72223,0.9917,0.93525,0.92103,0.95598,0.77491,0.82733,0.40405,0.95097,0.00997208,0.00997208,0.00997208
284,78359.7,0.77982,0.74555,0.99367,0.9358,0.92145,0.95741,0.77568,0.82847,0.40417,0.95102,0.00997198,0.00997198,0.00997198
285,78635.6,0.78394,0.72518,0.98515,0.93572,0.9217,0.95741,0.77605,0.82905,0.40474,0.95085,0.00997188,0.00997188,0.00997188
286,78910.7,0.78534,0.72297,0.99719,0.93578,0.92252,0.95741,0.77576,0.82828,0.40557,0.95069,0.00997179,0.00997179,0.00997179
287,79186.6,0.7812,0.71886,0.99232,0.93644,0.92318,0.95742,0.77606,0.82897,0.40496,0.95095,0.00997169,0.00997169,0.00997169
288,79461.7,0.79466,0.72013,0.99846,0.93669,0.92244,0.95695,0.77527,0.82949,0.40416,0.95106,0.00997159,0.00997159,0.00997159
289,79737.6,0.78962,0.7129,0.99056,0.93673,0.92318,0.95743,0.77567,0.82925,0.4036,0.9513,0.00997149,0.00997149,0.00997149
290,80012.7,0.76717,0.7303,0.99029,0.93651,0.92389,0.95744,0.77537,0.83025,0.40161,0.95171,0.00997139,0.00997139,0.00997139
291,80288.6,0.78385,0.72278,0.99189,0.93764,0.92157,0.95749,0.77481,0.83064,0.40246,0.95188,0.00997129,0.00997129,0.00997129
292,80563.7,0.77604,0.71424,0.99146,0.93737,0.923,0.9575,0.77548,0.83177,0.40365,0.95197,0.00997119,0.00997119,0.00997119
293,80839.6,0.78609,0.72345,0.995,0.93824,0.92312,0.95751,0.77371,0.83213,0.40424,0.95211,0.00997109,0.00997109,0.00997109
294,81114.8,0.78258,0.72335,0.98839,0.93826,0.92374,0.9575,0.77421,0.83259,0.40302,0.95207,0.00997099,0.00997099,0.00997099
295,81390.7,0.77744,0.70825,0.98731,0.93845,0.92367,0.95847,0.77418,0.83279,0.4041,0.95242,0.00997089,0.00997089,0.00997089
296,81665.7,0.78225,0.71965,0.9933,0.93819,0.92372,0.95933,0.77496,0.83301,0.40389,0.9523,0.0099708,0.0099708,0.0099708
297,81941.9,0.77445,0.71583,0.98688,0.93838,0.92372,0.95846,0.7738,0.83297,0.40079,0.95236,0.0099707,0.0099707,0.0099707
298,82217,0.77183,0.73437,0.98979,0.93879,0.92368,0.95937,0.77425,0.83367,0.40127,0.95249,0.0099706,0.0099706,0.0099706
299,82492.9,0.76807,0.72984,0.99547,0.93872,0.92384,0.95941,0.77468,0.83327,0.40204,0.95216,0.0099705,0.0099705,0.0099705
300,82768,0.77681,0.71792,0.97693,0.93891,0.92382,0.95941,0.77528,0.83193,0.40103,0.9524,0.0099704,0.0099704,0.0099704
301,83043.9,0.78064,0.72242,0.99813,0.93876,0.92391,0.95939,0.77541,0.83179,0.40129,0.9521,0.0099703,0.0099703,0.0099703
302,83319,0.774,0.73177,0.98733,0.93898,0.9239,0.9594,0.77614,0.83057,0.40016,0.95157,0.0099702,0.0099702,0.0099702
303,83594.9,0.77624,0.72647,0.9914,0.93922,0.92389,0.9585,0.77576,0.83074,0.40033,0.95156,0.0099701,0.0099701,0.0099701
304,83869.9,0.77711,0.72978,0.98827,0.93924,0.92387,0.95755,0.77568,0.83076,0.40148,0.95144,0.00997,0.00997,0.00997
305,84145.8,0.77137,0.73252,0.98886,0.93917,0.92392,0.9594,0.77675,0.83027,0.40153,0.95157,0.0099699,0.0099699,0.0099699
306,84420.8,0.76828,0.74124,0.99446,0.93955,0.92382,0.95669,0.77346,0.83037,0.40114,0.95176,0.0099698,0.0099698,0.0099698
307,84696.7,0.77526,0.69456,0.98061,0.9392,0.92387,0.95669,0.77355,0.83206,0.40334,0.952,0.00996971,0.00996971,0.00996971
308,84971.7,0.77647,0.72911,0.98407,0.93941,0.92386,0.95756,0.77328,0.83139,0.40243,0.9514,0.00996961,0.00996961,0.00996961
309,85247.6,0.75623,0.70424,0.9861,0.93907,0.92395,0.95852,0.77268,0.8312,0.40306,0.95068,0.00996951,0.00996951,0.00996951
310,85522.8,0.77463,0.71917,0.99018,0.93883,0.92393,0.95782,0.77239,0.83098,0.40147,0.95066,0.00996941,0.00996941,0.00996941
311,85798.7,0.7674,0.74111,0.9863,0.93892,0.92383,0.95672,0.7721,0.83255,0.40272,0.95136,0.00996931,0.00996931,0.00996931
312,86073.8,0.75901,0.7035,0.97537,0.93902,0.92386,0.95757,0.77374,0.83224,0.40151,0.95074,0.00996921,0.00996921,0.00996921
313,86349.8,0.76835,0.72662,0.98722,0.93847,0.92388,0.95782,0.77201,0.8323,0.40101,0.95097,0.00996911,0.00996911,0.00996911
314,86624.8,0.77548,0.7082,0.98147,0.93849,0.92387,0.95673,0.77252,0.83056,0.40257,0.95068,0.00996901,0.00996901,0.00996901
315,86900.7,0.77223,0.721,0.99421,0.93866,0.92389,0.95782,0.77247,0.8313,0.40355,0.95055,0.00996891,0.00996891,0.00996891
316,87175.7,0.77326,0.72629,0.99048,0.93849,0.92401,0.95783,0.77228,0.83082,0.40055,0.95065,0.00996882,0.00996882,0.00996882
317,87451.7,0.77017,0.71794,0.98379,0.93846,0.92398,0.95783,0.77283,0.83108,0.40192,0.94984,0.00996872,0.00996872,0.00996872
318,87726.7,0.77506,0.7093,0.98132,0.9384,0.92401,0.95674,0.77203,0.83024,0.40202,0.94956,0.00996862,0.00996862,0.00996862
319,88002.6,0.7664,0.72158,0.98662,0.93877,0.92399,0.95783,0.77287,0.83067,0.40082,0.94988,0.00996852,0.00996852,0.00996852
320,88277.7,0.77287,0.71804,0.98764,0.93884,0.924,0.95675,0.77179,0.83058,0.40082,0.94963,0.00996842,0.00996842,0.00996842
321,88553.7,0.76512,0.70245,0.98304,0.93858,0.92407,0.95676,0.77264,0.831,0.40114,0.94956,0.00996832,0.00996832,0.00996832
322,88828.7,0.77118,0.7242,0.99084,0.93853,0.92402,0.95678,0.77202,0.83016,0.40112,0.94945,0.00996822,0.00996822,0.00996822
323,89104.7,0.76491,0.71133,0.97876,0.93861,0.92401,0.95761,0.773,0.83029,0.40073,0.94942,0.00996812,0.00996812,0.00996812
324,89379.9,0.77407,0.69905,0.98089,0.93909,0.92396,0.95676,0.77252,0.83112,0.40091,0.94954,0.00996802,0.00996802,0.00996802
325,89655.8,0.76685,0.70346,0.98248,0.9391,0.92396,0.9576,0.77226,0.83163,0.40142,0.94953,0.00996792,0.00996792,0.00996792
326,89930.9,0.75684,0.70677,0.97922,0.93954,0.92385,0.95651,0.77131,0.83141,0.39985,0.94885,0.00996782,0.00996782,0.00996782
327,90206.8,0.7607,0.70812,0.98245,0.93989,0.9238,0.95651,0.76983,0.83164,0.39981,0.94874,0.00996773,0.00996773,0.00996773
328,90481.8,0.76591,0.69749,0.98841,0.9401,0.92378,0.95757,0.77075,0.83184,0.40032,0.94871,0.00996763,0.00996763,0.00996763
329,90757.8,0.76529,0.69948,0.98352,0.94013,0.92383,0.95825,0.77031,0.83255,0.39963,0.94871,0.00996753,0.00996753,0.00996753
330,91032.8,0.75435,0.69584,0.97981,0.94059,0.92371,0.95827,0.77223,0.83184,0.39811,0.94828,0.00996743,0.00996743,0.00996743
331,91308.8,0.77029,0.71024,0.98024,0.94068,0.92381,0.9583,0.7732,0.83211,0.3978,0.94824,0.00996733,0.00996733,0.00996733
332,91583.8,0.76193,0.7077,0.98337,0.94075,0.92377,0.95733,0.77317,0.83116,0.39794,0.94783,0.00996723,0.00996723,0.00996723
333,91859.7,0.75885,0.71277,0.98089,0.94138,0.92363,0.95828,0.77239,0.83172,0.39811,0.94805,0.00996713,0.00996713,0.00996713
334,92134.7,0.76169,0.70851,0.98089,0.94153,0.9236,0.95733,0.77246,0.83153,0.398,0.94878,0.00996703,0.00996703,0.00996703
335,92410.6,0.75125,0.71178,0.97706,0.94199,0.92348,0.95758,0.77406,0.83154,0.39812,0.94862,0.00996693,0.00996693,0.00996693
336,92685.9,0.76283,0.71932,0.97964,0.94168,0.92355,0.95863,0.77562,0.83233,0.39848,0.94872,0.00996684,0.00996684,0.00996684
337,92961.8,0.76075,0.7049,0.98117,0.94209,0.92341,0.95862,0.7753,0.83215,0.39811,0.94864,0.00996674,0.00996674,0.00996674
338,93236.8,0.76906,0.71623,0.98556,0.94202,0.92335,0.95862,0.77628,0.83188,0.3983,0.94876,0.00996664,0.00996664,0.00996664
339,93512.7,0.76699,0.70897,0.99156,0.94265,0.92314,0.95862,0.77698,0.83148,0.39836,0.94878,0.00996654,0.00996654,0.00996654
340,93787.9,0.76925,0.70583,0.98918,0.94285,0.92307,0.95864,0.7777,0.83112,0.39816,0.94815,0.00996644,0.00996644,0.00996644
341,94063.8,0.76655,0.71019,0.98564,0.94308,0.923,0.95862,0.77734,0.83052,0.39776,0.9481,0.00996634,0.00996634,0.00996634
342,94338.9,0.75525,0.71355,0.98008,0.94361,0.92271,0.95862,0.77406,0.82971,0.3987,0.948,0.00996624,0.00996624,0.00996624
343,94614.8,0.76199,0.70126,0.9867,0.94303,0.92281,0.95862,0.77438,0.82917,0.39718,0.94775,0.00996614,0.00996614,0.00996614
344,94889.9,0.75693,0.69675,0.98105,0.94378,0.92255,0.95862,0.77441,0.82993,0.39659,0.94748,0.00996604,0.00996604,0.00996604
345,95165.8,0.75945,0.70647,0.97612,0.94388,0.92232,0.95862,0.77439,0.82999,0.39718,0.94727,0.00996594,0.00996594,0.00996594
346,95440.9,0.76004,0.69397,0.98159,0.94396,0.9222,0.95859,0.77485,0.82846,0.39537,0.94692,0.00996585,0.00996585,0.00996585
347,95716.8,0.75952,0.70824,0.9863,0.94375,0.92245,0.95859,0.77325,0.82799,0.39627,0.94685,0.00996575,0.00996575,0.00996575
348,95991.9,0.76376,0.71162,0.98816,0.94387,0.92245,0.95859,0.77383,0.82883,0.39691,0.94675,0.00996565,0.00996565,0.00996565
349,96268.1,0.75391,0.69481,0.97736,0.94351,0.92255,0.95859,0.77362,0.82827,0.39718,0.9467,0.00996555,0.00996555,0.00996555
350,96543.1,0.75162,0.71123,0.98278,0.9435,0.92252,0.95761,0.77329,0.82758,0.39691,0.94638,0.00996545,0.00996545,0.00996545
351,96819,0.75885,0.70851,0.98122,0.94371,0.92235,0.95863,0.77309,0.82724,0.39715,0.94624,0.00996535,0.00996535,0.00996535
352,97094.2,0.75289,0.712,0.98083,0.94388,0.92221,0.95762,0.77284,0.82762,0.39702,0.94625,0.00996525,0.00996525,0.00996525
353,97370.1,0.74659,0.68574,0.96978,0.94373,0.9225,0.95762,0.77332,0.82726,0.39791,0.94586,0.00996515,0.00996515,0.00996515
354,97645.1,0.75071,0.71699,0.98298,0.94332,0.92263,0.95863,0.77529,0.82556,0.39718,0.9454,0.00996505,0.00996505,0.00996505
355,97921,0.74936,0.69753,0.96941,0.94363,0.92243,0.95863,0.77739,0.82433,0.39704,0.94496,0.00996495,0.00996495,0.00996495
356,98196.1,0.74685,0.7118,0.97718,0.94386,0.92242,0.95915,0.77655,0.82501,0.39699,0.94497,0.00996485,0.00996485,0.00996485
357,98472,0.75566,0.71071,0.98978,0.94356,0.92256,0.95862,0.77689,0.82395,0.39644,0.94508,0.00996476,0.00996476,0.00996476
358,98747.1,0.74978,0.69438,0.97382,0.9436,0.92254,0.95859,0.77619,0.82518,0.39643,0.94484,0.00996466,0.00996466,0.00996466
359,99023,0.75383,0.68742,0.97766,0.94357,0.92237,0.95911,0.77674,0.82564,0.39616,0.945,0.00996456,0.00996456,0.00996456
360,99298.1,0.7587,0.70429,0.97683,0.9437,0.92211,0.95911,0.77648,0.82626,0.39729,0.94493,0.00996446,0.00996446,0.00996446
361,99574,0.7579,0.70977,0.97871,0.94377,0.9221,0.95911,0.77738,0.82539,0.39612,0.94482,0.00996436,0.00996436,0.00996436
362,99849.3,0.74896,0.713,0.97893,0.94341,0.92209,0.95909,0.77699,0.82439,0.39555,0.94473,0.00996426,0.00996426,0.00996426
363,100125,0.74614,0.68447,0.9769,0.94339,0.92174,0.95912,0.7768,0.82455,0.39615,0.94487,0.00996416,0.00996416,0.00996416
364,100400,0.74974,0.69321,0.96931,0.94326,0.92189,0.95913,0.77424,0.82507,0.39571,0.94472,0.00996406,0.00996406,0.00996406
365,100676,0.74607,0.70273,0.97233,0.94321,0.92167,0.95915,0.77731,0.82478,0.39576,0.94462,0.00996396,0.00996396,0.00996396
366,100951,0.74618,0.68097,0.97286,0.94343,0.92123,0.95915,0.77731,0.82426,0.39548,0.94473,0.00996387,0.00996387,0.00996387
367,101227,0.7553,0.70704,0.98754,0.94317,0.9214,0.95915,0.7763,0.82369,0.39487,0.9448,0.00996377,0.00996377,0.00996377
368,101502,0.73866,0.69062,0.97059,0.94308,0.92128,0.95875,0.77814,0.82381,0.39498,0.94447,0.00996367,0.00996367,0.00996367
369,101778,0.75737,0.70445,0.98062,0.94287,0.92097,0.95875,0.77598,0.82494,0.39456,0.94475,0.00996357,0.00996357,0.00996357
370,102053,0.75166,0.68267,0.98183,0.94293,0.92082,0.95876,0.77498,0.82443,0.39457,0.94481,0.00996347,0.00996347,0.00996347
371,102329,0.7577,0.69543,0.97943,0.94331,0.9206,0.95872,0.77612,0.82409,0.3941,0.94487,0.00996337,0.00996337,0.00996337
372,102605,0.74309,0.68148,0.96908,0.94295,0.92076,0.95873,0.7757,0.82459,0.39433,0.94476,0.00996327,0.00996327,0.00996327
373,102880,0.75839,0.69109,0.9775,0.94332,0.92064,0.95875,0.77925,0.82521,0.39471,0.9447,0.00996317,0.00996317,0.00996317
374,103156,0.74928,0.6992,0.97891,0.94342,0.92044,0.95877,0.77595,0.82447,0.3947,0.94481,0.00996307,0.00996307,0.00996307
375,103432,0.75003,0.69345,0.97821,0.94307,0.92047,0.95879,0.77478,0.82338,0.39514,0.9444,0.00996297,0.00996297,0.00996297
376,103707,0.73825,0.70847,0.96725,0.9432,0.9202,0.95875,0.77437,0.82308,0.39527,0.94416,0.00996287,0.00996287,0.00996287
377,103983,0.74079,0.70176,0.97426,0.94339,0.92016,0.95823,0.77565,0.82344,0.39454,0.94375,0.00996278,0.00996278,0.00996278
378,104258,0.74278,0.70876,0.9771,0.94312,0.91983,0.95824,0.77538,0.82279,0.3946,0.94386,0.00996268,0.00996268,0.00996268
379,104534,0.73689,0.70005,0.97552,0.94275,0.91982,0.95826,0.77606,0.82408,0.3946,0.94444,0.00996258,0.00996258,0.00996258
380,104809,0.75286,0.69957,0.98089,0.94305,0.91949,0.95773,0.7753,0.82404,0.39407,0.94424,0.00996248,0.00996248,0.00996248
381,105085,0.74911,0.70364,0.98092,0.94266,0.91952,0.95824,0.77591,0.82311,0.39498,0.94391,0.00996238,0.00996238,0.00996238
382,105360,0.75528,0.68361,0.97885,0.94255,0.91917,0.95881,0.77305,0.82446,0.39493,0.94394,0.00996228,0.00996228,0.00996228
383,105642,0.744,0.68945,0.97823,0.94247,0.91902,0.95828,0.77801,0.82356,0.39459,0.94402,0.00996218,0.00996218,0.00996218
384,105917,0.74189,0.67106,0.97214,0.9425,0.91884,0.95826,0.76945,0.82408,0.39384,0.94398,0.00996208,0.00996208,0.00996208
385,106193,0.7354,0.70588,0.97826,0.94242,0.91846,0.95826,0.77545,0.82309,0.39438,0.94368,0.00996198,0.00996198,0.00996198
386,106468,0.74939,0.68865,0.97389,0.94193,0.91866,0.95772,0.77396,0.82291,0.39255,0.94356,0.00996189,0.00996189,0.00996189
387,106744,0.75117,0.69956,0.98286,0.94233,0.91843,0.95772,0.77507,0.82337,0.39328,0.94369,0.00996179,0.00996179,0.00996179
388,107019,0.75027,0.70604,0.97616,0.94207,0.9184,0.95832,0.77913,0.82357,0.39334,0.94411,0.00996169,0.00996169,0.00996169
389,107295,0.74176,0.69759,0.97211,0.94219,0.91821,0.95779,0.77808,0.82374,0.39378,0.94384,0.00996159,0.00996159,0.00996159
390,107570,0.74082,0.68798,0.97482,0.94247,0.91776,0.95779,0.77491,0.82461,0.39373,0.94413,0.00996149,0.00996149,0.00996149
391,107846,0.74446,0.69677,0.98301,0.94211,0.91781,0.95836,0.77757,0.82435,0.39385,0.94406,0.00996139,0.00996139,0.00996139
392,108121,0.73513,0.69647,0.97409,0.94169,0.91785,0.9572,0.77565,0.82429,0.39383,0.94395,0.00996129,0.00996129,0.00996129
393,108397,0.73733,0.70029,0.97174,0.94156,0.91755,0.9578,0.77473,0.82384,0.3946,0.94361,0.00996119,0.00996119,0.00996119
394,108672,0.7372,0.69863,0.97277,0.94142,0.91751,0.95778,0.77767,0.82398,0.39323,0.94382,0.00996109,0.00996109,0.00996109
395,108948,0.74914,0.69374,0.98135,0.94153,0.91759,0.95778,0.77608,0.82487,0.39426,0.94404,0.00996099,0.00996099,0.00996099
396,109223,0.73794,0.68277,0.97024,0.94117,0.91787,0.95782,0.77714,0.82476,0.39468,0.94416,0.00996089,0.00996089,0.00996089
397,109499,0.74675,0.68895,0.97341,0.94106,0.91783,0.95782,0.77698,0.82469,0.3938,0.94377,0.0099608,0.0099608,0.0099608
398,109774,0.74072,0.69393,0.9766,0.94128,0.91743,0.95784,0.77711,0.82501,0.39325,0.94413,0.0099607,0.0099607,0.0099607
399,110050,0.74372,0.6853,0.9768,0.94132,0.91734,0.95783,0.77749,0.82596,0.39405,0.94419,0.0099606,0.0099606,0.0099606
400,110325,0.73993,0.68451,0.97024,0.94124,0.91741,0.95783,0.77586,0.82697,0.39355,0.94419,0.0099605,0.0099605,0.0099605
401,110601,0.74034,0.70048,0.97472,0.94104,0.9178,0.95783,0.77514,0.82745,0.39364,0.94426,0.0099604,0.0099604,0.0099604
402,110876,0.74191,0.68193,0.97682,0.94089,0.91758,0.95721,0.77463,0.82676,0.39424,0.94411,0.0099603,0.0099603,0.0099603
403,111152,0.7467,0.68011,0.97626,0.94085,0.91727,0.95721,0.77486,0.82727,0.39414,0.94395,0.0099602,0.0099602,0.0099602
404,111428,0.74804,0.68518,0.97019,0.94087,0.91699,0.95721,0.77806,0.8281,0.394,0.94405,0.0099601,0.0099601,0.0099601
405,111703,0.73409,0.67059,0.96683,0.94052,0.917,0.95722,0.77884,0.8277,0.39473,0.944,0.00996,0.00996,0.00996
406,111979,0.73854,0.67505,0.97667,0.94057,0.91711,0.95722,0.77693,0.82749,0.39368,0.94429,0.0099599,0.0099599,0.0099599
407,112254,0.72524,0.67799,0.97405,0.94055,0.91692,0.9572,0.77744,0.82816,0.39379,0.94447,0.00995981,0.00995981,0.00995981
408,112530,0.72699,0.68768,0.96808,0.9403,0.91706,0.95722,0.77628,0.82881,0.39421,0.94465,0.00995971,0.00995971,0.00995971
409,112805,0.74174,0.69304,0.97276,0.94028,0.91677,0.95668,0.77773,0.82738,0.39339,0.94407,0.00995961,0.00995961,0.00995961
410,113081,0.72992,0.67537,0.97307,0.94027,0.91662,0.9572,0.77933,0.82713,0.39422,0.94408,0.00995951,0.00995951,0.00995951
411,113357,0.7449,0.68547,0.96643,0.9403,0.91662,0.9572,0.77912,0.82717,0.39413,0.94417,0.00995941,0.00995941,0.00995941
412,113632,0.72694,0.68219,0.96501,0.94013,0.91654,0.95668,0.7822,0.82661,0.39502,0.94395,0.00995931,0.00995931,0.00995931
413,113908,0.73161,0.66485,0.967,0.93995,0.91669,0.95668,0.78245,0.82637,0.39376,0.94391,0.00995921,0.00995921,0.00995921
414,114183,0.73602,0.68329,0.96809,0.94018,0.91638,0.9567,0.77886,0.82518,0.39403,0.94365,0.00995911,0.00995911,0.00995911
415,114459,0.74779,0.66841,0.96504,0.94045,0.91609,0.9567,0.78125,0.8253,0.39304,0.94334,0.00995901,0.00995901,0.00995901
416,114734,0.74014,0.68288,0.97139,0.9404,0.91595,0.9567,0.78172,0.82612,0.39503,0.94374,0.00995892,0.00995892,0.00995892
417,115010,0.73506,0.69162,0.96967,0.94012,0.91613,0.9567,0.78277,0.82552,0.39383,0.9434,0.00995882,0.00995882,0.00995882
418,115285,0.73152,0.67419,0.9684,0.94015,0.91602,0.95672,0.7822,0.82511,0.39343,0.94338,0.00995872,0.00995872,0.00995872
419,115561,0.74102,0.67584,0.96677,0.93996,0.91633,0.95672,0.77888,0.82526,0.39308,0.94326,0.00995862,0.00995862,0.00995862
420,115836,0.72838,0.69305,0.96977,0.94001,0.9162,0.95673,0.78031,0.82559,0.39296,0.94319,0.00995852,0.00995852,0.00995852
421,116112,0.73725,0.66553,0.9715,0.93995,0.91627,0.95729,0.78052,0.82482,0.39284,0.94296,0.00995842,0.00995842,0.00995842
422,116387,0.7335,0.68712,0.97347,0.93996,0.91616,0.95731,0.78083,0.82449,0.39326,0.94249,0.00995832,0.00995832,0.00995832
423,116663,0.72941,0.69494,0.96796,0.93971,0.91632,0.95673,0.77982,0.82366,0.39331,0.94225,0.00995822,0.00995822,0.00995822
424,116938,0.73755,0.70618,0.97709,0.93987,0.91603,0.95731,0.78378,0.82324,0.39484,0.942,0.00995812,0.00995812,0.00995812
425,117214,0.7326,0.69373,0.97341,0.93964,0.91616,0.95823,0.78557,0.82383,0.39519,0.94197,0.00995802,0.00995802,0.00995802
426,117490,0.73654,0.67475,0.9674,0.93991,0.91596,0.95731,0.78685,0.82403,0.39561,0.94237,0.00995792,0.00995792,0.00995792
427,117766,0.73774,0.67938,0.97077,0.93994,0.91587,0.95731,0.78571,0.82378,0.39494,0.94242,0.00995783,0.00995783,0.00995783
428,118041,0.73702,0.67883,0.96821,0.93947,0.91591,0.95828,0.78674,0.82415,0.39601,0.94281,0.00995773,0.00995773,0.00995773
429,118317,0.71602,0.68959,0.96672,0.93957,0.91567,0.95826,0.78707,0.82373,0.39508,0.94261,0.00995763,0.00995763,0.00995763
430,118592,0.73088,0.6741,0.97253,0.9393,0.91566,0.95828,0.78729,0.82271,0.39502,0.9425,0.00995753,0.00995753,0.00995753
431,118868,0.72323,0.67941,0.96747,0.93967,0.91536,0.95871,0.78715,0.82325,0.39487,0.94239,0.00995743,0.00995743,0.00995743
432,119143,0.72987,0.66517,0.97092,0.93896,0.91566,0.95871,0.78357,0.82339,0.39408,0.94247,0.00995733,0.00995733,0.00995733
433,119419,0.73142,0.68353,0.96526,0.93876,0.9157,0.95787,0.78206,0.82305,0.39544,0.94217,0.00995723,0.00995723,0.00995723
434,119694,0.73729,0.68157,0.97054,0.9388,0.91579,0.95733,0.78055,0.82396,0.39546,0.94255,0.00995713,0.00995713,0.00995713
435,119970,0.73591,0.69374,0.97249,0.93879,0.91578,0.95733,0.78326,0.82412,0.39712,0.94255,0.00995703,0.00995703,0.00995703
436,120245,0.74074,0.68895,0.97414,0.93847,0.91605,0.95735,0.78008,0.82462,0.39603,0.9425,0.00995694,0.00995694,0.00995694
437,120522,0.7287,0.67498,0.96615,0.93843,0.91602,0.95692,0.78162,0.82528,0.39565,0.94268,0.00995684,0.00995684,0.00995684
438,120797,0.73897,0.68955,0.97239,0.93817,0.91623,0.95749,0.78044,0.82477,0.39561,0.94281,0.00995674,0.00995674,0.00995674
439,121073,0.71816,0.67535,0.96453,0.93819,0.91623,0.95751,0.78193,0.82568,0.39557,0.94276,0.00995664,0.00995664,0.00995664
440,121348,0.72921,0.69069,0.96865,0.93739,0.91658,0.95751,0.78223,0.82476,0.39423,0.94254,0.00995654,0.00995654,0.00995654
441,121624,0.73042,0.67572,0.96582,0.93742,0.91657,0.95753,0.78292,0.82403,0.39557,0.94216,0.00995644,0.00995644,0.00995644
442,121899,0.72901,0.67832,0.96841,0.93726,0.91647,0.95753,0.78069,0.8232,0.39521,0.94211,0.00995634,0.00995634,0.00995634
443,122175,0.72613,0.66795,0.95952,0.93753,0.91636,0.95755,0.7825,0.82292,0.39374,0.94187,0.00995624,0.00995624,0.00995624
444,122450,0.73028,0.67904,0.96861,0.93677,0.9166,0.95755,0.77809,0.82362,0.39447,0.94213,0.00995614,0.00995614,0.00995614
445,122726,0.72645,0.67463,0.96676,0.93704,0.91637,0.95755,0.77701,0.82344,0.39511,0.94205,0.00995604,0.00995604,0.00995604
446,123001,0.72723,0.66303,0.96584,0.93737,0.91612,0.95755,0.7835,0.8229,0.39482,0.94193,0.00995595,0.00995595,0.00995595
447,123277,0.72146,0.67584,0.96297,0.93664,0.91643,0.95757,0.77594,0.8233,0.39416,0.94162,0.00995585,0.00995585,0.00995585
448,123552,0.72536,0.67862,0.96847,0.9371,0.91609,0.95757,0.77777,0.82239,0.3942,0.94152,0.00995575,0.00995575,0.00995575
449,123828,0.71121,0.67474,0.96618,0.93683,0.91604,0.95757,0.77603,0.82319,0.39467,0.94185,0.00995565,0.00995565,0.00995565
450,124103,0.7216,0.67807,0.96085,0.93691,0.91578,0.95757,0.77591,0.8237,0.39343,0.94127,0.00995555,0.00995555,0.00995555
451,124379,0.72896,0.67328,0.96748,0.9366,0.91596,0.9576,0.77598,0.82315,0.39261,0.94133,0.00995545,0.00995545,0.00995545
452,124654,0.73697,0.67584,0.9731,0.93638,0.9159,0.95757,0.77764,0.82414,0.39398,0.94136,0.00995535,0.00995535,0.00995535
453,124930,0.72489,0.67801,0.96611,0.93608,0.91604,0.958,0.77919,0.82229,0.39329,0.9409,0.00995525,0.00995525,0.00995525
454,125205,0.73463,0.68529,0.96842,0.93555,0.91645,0.95748,0.77803,0.82235,0.39341,0.94082,0.00995515,0.00995515,0.00995515
455,125481,0.73391,0.66902,0.96776,0.93599,0.91617,0.95705,0.77778,0.82235,0.39314,0.9408,0.00995505,0.00995505,0.00995505
456,125756,0.72615,0.67447,0.96386,0.93601,0.91607,0.95612,0.77948,0.82155,0.39315,0.94065,0.00995495,0.00995495,0.00995495
457,126032,0.71795,0.67988,0.96398,0.93601,0.916,0.95655,0.77914,0.8211,0.3928,0.94066,0.00995486,0.00995486,0.00995486
458,126307,0.7207,0.67143,0.96406,0.93602,0.91601,0.95655,0.77883,0.82092,0.39272,0.94047,0.00995476,0.00995476,0.00995476
459,126583,0.71837,0.68223,0.96705,0.93463,0.91649,0.9571,0.77808,0.82021,0.39149,0.94055,0.00995466,0.00995466,0.00995466
460,126858,0.71308,0.66679,0.9629,0.93548,0.91609,0.95657,0.77903,0.81974,0.39246,0.94047,0.00995456,0.00995456,0.00995456
461,127134,0.73011,0.67036,0.96647,0.91197,0.93436,0.9571,0.78534,0.82011,0.39347,0.94039,0.00995446,0.00995446,0.00995446
462,127409,0.72688,0.6692,0.96667,0.91198,0.93401,0.95645,0.7829,0.8195,0.39344,0.94001,0.00995436,0.00995436,0.00995436
463,127685,0.72261,0.67111,0.96769,0.91208,0.934,0.95592,0.78473,0.81961,0.39406,0.93984,0.00995426,0.00995426,0.00995426
464,127960,0.72809,0.6681,0.96559,0.91209,0.93407,0.95645,0.78307,0.81933,0.39337,0.93973,0.00995416,0.00995416,0.00995416
465,128236,0.72525,0.68028,0.97276,0.91225,0.9337,0.95647,0.7828,0.81857,0.39437,0.93933,0.00995406,0.00995406,0.00995406
466,128511,0.71561,0.67214,0.96332,0.93197,0.91742,0.95647,0.78289,0.81699,0.39346,0.93906,0.00995396,0.00995396,0.00995396
467,128787,0.71499,0.67397,0.95844,0.91261,0.93295,0.95742,0.78404,0.8173,0.39523,0.9391,0.00995387,0.00995387,0.00995387
468,129062,0.71609,0.67195,0.96261,0.91259,0.93279,0.95647,0.78067,0.81956,0.39549,0.93945,0.00995377,0.00995377,0.00995377
469,129338,0.73344,0.67908,0.97418,0.93161,0.91766,0.95742,0.78415,0.81942,0.39557,0.93931,0.00995367,0.00995367,0.00995367
470,129613,0.71669,0.67188,0.96315,0.91233,0.93303,0.95805,0.78332,0.81848,0.39507,0.93921,0.00995357,0.00995357,0.00995357
471,129889,0.72253,0.68027,0.96639,0.91235,0.93274,0.95807,0.78519,0.81862,0.39686,0.9391,0.00995347,0.00995347,0.00995347
472,130164,0.71946,0.67034,0.96579,0.93132,0.91774,0.95722,0.78405,0.8169,0.39494,0.93861,0.00995337,0.00995337,0.00995337
473,130440,0.72227,0.66856,0.96894,0.93086,0.91782,0.95668,0.77785,0.81724,0.39597,0.93899,0.00995327,0.00995327,0.00995327
474,130716,0.71777,0.66259,0.95887,0.93088,0.91767,0.95625,0.77537,0.81678,0.39578,0.93859,0.00995317,0.00995317,0.00995317
475,130991,0.72606,0.68127,0.96723,0.93009,0.91788,0.95627,0.78107,0.81731,0.39549,0.9385,0.00995307,0.00995307,0.00995307
476,131267,0.72962,0.67682,0.97865,0.92902,0.91808,0.95679,0.78068,0.81629,0.3954,0.93832,0.00995297,0.00995297,0.00995297
477,131546,0.72424,0.68304,0.97147,0.92854,0.9182,0.95764,0.77592,0.81551,0.39556,0.93783,0.00995288,0.00995288,0.00995288
478,131821,0.72105,0.66538,0.96206,0.93012,0.91772,0.96021,0.78151,0.8149,0.39645,0.93768,0.00995278,0.00995278,0.00995278
479,132097,0.71498,0.66066,0.96322,0.93147,0.91728,0.96073,0.78047,0.81498,0.39585,0.93755,0.00995268,0.00995268,0.00995268
480,132372,0.72301,0.66308,0.9689,0.9305,0.91753,0.96158,0.7816,0.81405,0.39542,0.93746,0.00995258,0.00995258,0.00995258
481,132648,0.70862,0.68235,0.9622,0.93152,0.91711,0.96158,0.78071,0.81428,0.39434,0.93761,0.00995248,0.00995248,0.00995248
482,132923,0.70284,0.67872,0.96679,0.93062,0.91747,0.96106,0.78097,0.81307,0.39316,0.93731,0.00995238,0.00995238,0.00995238
483,133199,0.7107,0.67267,0.96262,0.93025,0.91758,0.96156,0.7822,0.81237,0.39245,0.93702,0.00995228,0.00995228,0.00995228
484,133474,0.71387,0.65392,0.96385,0.92926,0.91778,0.96102,0.7789,0.81262,0.39316,0.93669,0.00995218,0.00995218,0.00995218
485,133750,0.71554,0.67842,0.96506,0.92969,0.91781,0.961,0.7784,0.81249,0.393,0.93686,0.00995208,0.00995208,0.00995208
486,134025,0.72039,0.66688,0.96522,0.92973,0.91778,0.96066,0.77715,0.81259,0.3913,0.93675,0.00995198,0.00995198,0.00995198
487,134301,0.71356,0.67325,0.96328,0.93043,0.91779,0.9615,0.77903,0.81251,0.39219,0.93669,0.00995189,0.00995189,0.00995189
488,134576,0.72003,0.67456,0.96911,0.93075,0.91742,0.96152,0.77972,0.81216,0.39201,0.93641,0.00995179,0.00995179,0.00995179
489,134852,0.71106,0.66976,0.9577,0.93033,0.91753,0.96152,0.77862,0.8119,0.39252,0.93655,0.00995169,0.00995169,0.00995169
490,135127,0.7125,0.66634,0.96422,0.93085,0.91725,0.961,0.77951,0.81159,0.39196,0.93659,0.00995159,0.00995159,0.00995159
491,135403,0.71692,0.65813,0.9622,0.92962,0.91764,0.96013,0.77986,0.81038,0.39253,0.93619,0.00995149,0.00995149,0.00995149
492,135678,0.71988,0.66676,0.96941,0.92966,0.91744,0.96066,0.77966,0.81099,0.3917,0.93604,0.00995139,0.00995139,0.00995139
493,135954,0.70969,0.66782,0.96372,0.92921,0.91749,0.96064,0.77928,0.8107,0.39298,0.93599,0.00995129,0.00995129,0.00995129
494,136229,0.71541,0.66266,0.96109,0.93016,0.91727,0.96066,0.77954,0.8103,0.39341,0.9357,0.00995119,0.00995119,0.00995119
495,136505,0.71978,0.66203,0.95857,0.92976,0.91719,0.96067,0.78014,0.81062,0.39346,0.93583,0.00995109,0.00995109,0.00995109
496,136780,0.72494,0.67711,0.96136,0.93078,0.91705,0.96067,0.77729,0.81082,0.39424,0.93585,0.009951,0.009951,0.009951
497,137056,0.72212,0.67664,0.96349,0.9311,0.91688,0.96069,0.77784,0.81104,0.39358,0.9359,0.0099509,0.0099509,0.0099509
498,137331,0.7121,0.67587,0.96582,0.93156,0.91659,0.96069,0.77889,0.8092,0.39328,0.93584,0.0099508,0.0099508,0.0099508
499,137607,0.71402,0.66156,0.9642,0.9321,0.91638,0.96233,0.77995,0.80952,0.3939,0.93582,0.0099507,0.0099507,0.0099507
500,137882,0.71296,0.65769,0.95434,0.93112,0.91652,0.96233,0.78075,0.8095,0.39282,0.93602,0.0099506,0.0099506,0.0099506
501,138158,0.71166,0.66866,0.9615,0.931,0.91648,0.96233,0.78097,0.80875,0.39281,0.93575,0.0099505,0.0099505,0.0099505
502,138433,0.71541,0.66776,0.96202,0.93063,0.91672,0.96233,0.77949,0.80885,0.39362,0.93559,0.0099504,0.0099504,0.0099504
503,138709,0.71425,0.66469,0.9585,0.93081,0.91649,0.96233,0.78012,0.80707,0.39216,0.93541,0.0099503,0.0099503,0.0099503
504,138984,0.71733,0.68257,0.96561,0.93088,0.91637,0.96233,0.78029,0.80694,0.39255,0.93509,0.0099502,0.0099502,0.0099502
505,139260,0.70445,0.65236,0.95713,0.93045,0.91651,0.96233,0.7815,0.80635,0.39265,0.93507,0.0099501,0.0099501,0.0099501
506,139535,0.71206,0.65889,0.96681,0.93041,0.91656,0.96235,0.78051,0.80591,0.39389,0.93445,0.00995,0.00995,0.00995
507,139811,0.71368,0.65793,0.96489,0.93037,0.91654,0.96237,0.78104,0.80538,0.39225,0.93442,0.00994991,0.00994991,0.00994991
508,140086,0.706,0.66211,0.96078,0.93008,0.91684,0.96235,0.78142,0.80517,0.39287,0.93445,0.00994981,0.00994981,0.00994981
509,140362,0.71145,0.6662,0.9588,0.92964,0.91703,0.96235,0.78285,0.80554,0.39197,0.93447,0.00994971,0.00994971,0.00994971
510,140637,0.71367,0.66393,0.96143,0.92796,0.91751,0.96235,0.78213,0.8056,0.39333,0.93453,0.00994961,0.00994961,0.00994961
511,140913,0.7181,0.65614,0.96322,0.92686,0.91777,0.96235,0.78269,0.80579,0.39221,0.93439,0.00994951,0.00994951,0.00994951
512,141188,0.7096,0.65818,0.96174,0.92516,0.91812,0.96287,0.78154,0.8062,0.39318,0.93413,0.00994941,0.00994941,0.00994941
513,141464,0.70784,0.656,0.95583,0.92435,0.91846,0.96289,0.78361,0.80446,0.39266,0.93381,0.00994931,0.00994931,0.00994931
514,141739,0.70939,0.65907,0.95791,0.92427,0.9185,0.96291,0.78178,0.80423,0.3916,0.93385,0.00994921,0.00994921,0.00994921
515,142015,0.72762,0.65801,0.97068,0.9256,0.91827,0.96213,0.78336,0.80424,0.39112,0.93398,0.00994911,0.00994911,0.00994911
516,142290,0.71797,0.65688,0.95982,0.92425,0.91857,0.96161,0.78322,0.80312,0.39107,0.93389,0.00994902,0.00994902,0.00994902
517,142566,0.70067,0.65946,0.95762,0.90417,0.93489,0.96171,0.78351,0.80201,0.39024,0.93375,0.00994892,0.00994892,0.00994892
518,142841,0.71102,0.66198,0.96899,0.92427,0.91867,0.96171,0.78368,0.80187,0.38973,0.93403,0.00994882,0.00994882,0.00994882
519,143117,0.71182,0.64104,0.9589,0.92282,0.91914,0.96171,0.78356,0.80241,0.39025,0.93453,0.00994872,0.00994872,0.00994872
520,143392,0.71193,0.65877,0.96007,0.90357,0.93615,0.96176,0.78269,0.8018,0.38909,0.93445,0.00994862,0.00994862,0.00994862
521,143668,0.71876,0.66352,0.95824,0.90438,0.93512,0.9618,0.78295,0.80229,0.38925,0.93459,0.00994852,0.00994852,0.00994852
522,143943,0.71108,0.67072,0.96844,0.92344,0.91917,0.96177,0.78374,0.80106,0.38936,0.93419,0.00994842,0.00994842,0.00994842
523,144219,0.7168,0.6608,0.97133,0.92323,0.91941,0.96175,0.78323,0.80074,0.38787,0.93401,0.00994832,0.00994832,0.00994832
524,144494,0.71215,0.66215,0.96227,0.90366,0.93674,0.96175,0.78526,0.80046,0.38921,0.93398,0.00994822,0.00994822,0.00994822
525,144770,0.71172,0.6737,0.96195,0.90386,0.93693,0.96175,0.78392,0.80083,0.38821,0.93399,0.00994812,0.00994812,0.00994812
526,145045,0.71188,0.65966,0.96241,0.90417,0.93682,0.96173,0.78358,0.79999,0.38878,0.93428,0.00994803,0.00994803,0.00994803
527,145321,0.70748,0.65302,0.95914,0.91994,0.92021,0.96173,0.7848,0.79958,0.38882,0.93418,0.00994793,0.00994793,0.00994793
528,145596,0.71002,0.65682,0.95979,0.92261,0.92011,0.96173,0.78399,0.79865,0.38948,0.93367,0.00994783,0.00994783,0.00994783
529,145872,0.7175,0.64512,0.9646,0.92289,0.9204,0.96216,0.78395,0.7989,0.38955,0.93379,0.00994773,0.00994773,0.00994773
530,146148,0.71337,0.66098,0.96246,0.92102,0.92087,0.96219,0.78473,0.79878,0.38979,0.93402,0.00994763,0.00994763,0.00994763
